{"version": 0.6, "generator": "Overpass API 0.7.62.8 e802775f", "osm3s": {"timestamp_osm_base": "2025-11-29T17:20:02Z", "copyright": "The data included in this document is from www.openstreetmap.org. The data is made available under ODbL."}, "elements": [{"type": "node", "id": 1468029241, "lat": 14.6972392, "lon": 77.6060108}, {"type": "node", "id": 1468029242, "lat": 14.6979968, "lon": 77.6079581}, {"type": "node", "id": 1468029243, "lat": 14.6971095, "lon": 77.6079527}, {"type": "node", "id": 1468029244, "lat": 14.6982407, "lon": 77.6060913}, {"type": "node", "id": 1825039490, "lat": 14.699329, "lon": 77.588121, "tags": {"name": "Tara Motors", "shop": "car"}}, {"type": "node", "id": 1825040937, "lat": 14.7185938, "lon": 77.6028017, "tags": {"name": "Hyundai", "shop": "car"}}, {"type": "node", "id": 1825041307, "lat": 14.74038, "lon": 77.605187, "tags": {"name": "TATA Motors", "shop": "car_repair"}}, {"type": "node", "id": 4486611586, "lat": 14.6861958, "lon": 77.5997849, "tags": {"addr:postcode": "515001", "addr:street": "Behind Apsrtc Bus Stand,Srinivasa Naga", "name": "Reliance Mart", "opening_hours": "10:00-11:00", "phone": "08554-645279", "shop": "supermarket"}}, {"type": "node", "id": 4487910150, "lat": 14.683901, "lon": 77.5884312, "tags": {"addr:housenumber": "4/734", "addr:postcode": "-515001", "addr:street": "Rangaswamy Nagar, Mehboob Towers, PTC Road", "name": "More For You", "opening_hours": "10:00-10:00", "phone": "9705807100", "shop": "supermarket"}}, {"type": "node", "id": 4487917190, "lat": 14.6889993, "lon": 77.5970284, "tags": {"addr:housenumber": "Door No:13/607", "addr:postcode": "515001", "addr:street": "Khaja Heights, ramachandra nagar", "name": "Pavithra Hypermart", "opening_hours": "10:00-11:00", "phone": "7893671111, 8686684747, 7893631111", "shop": "supermarket"}}, {"type": "node", "id": 4487926572, "lat": 14.669528, "lon": 77.5990717, "tags": {"addr:housenumber": "Survey No 283/2", "addr:postcode": "515001", "addr:street": "Ward No 12,Ground Floor, Jesus Nagar", "name": "More For You", "opening_hours": "10:00-11:00", "phone": "9705807101", "shop": "supermarket"}}, {"type": "node", "id": 4487932989, "lat": 14.6663415, "lon": 77.6021308, "tags": {"addr:housenumber": "206,12 - 4 - 206", "addr:postcode": "515002", "addr:street": "80 Feet Rd, Sharada Nagar", "name": "One Mart", "opening_hours": "09:00-22:00", "phone": "7893949777", "shop": "supermarket"}}, {"type": "node", "id": 4487939076, "lat": 14.6888645, "lon": 77.5970492, "tags": {"addr:housenumber": "\"Door No. 13/607,", "addr:postcode": "515001", "addr:street": "Khaja Heights,, Ramachandra Nagar,", "name": "Balaji Mallikarjuna Super Market", "opening_hours": "8:30-10:00", "phone": "9441190299", "shop": "supermarket"}}, {"type": "node", "id": 4487943344, "lat": 14.687564, "lon": 77.5991038, "tags": {"addr:housenumber": "123", "addr:postcode": "515001", "addr:street": "rajahotel", "name": "Bharath Super Market", "opening_hours": "10:00-10:00", "phone": "9966208938", "shop": "supermarket"}}, {"type": "node", "id": 4487958011, "lat": 14.6796758, "lon": 77.5992249, "tags": {"addr:postcode": "515001", "addr:street": "Subash Road, Adimurthy Nagar, Gulzarpet", "name": "Bamby Big Bazer", "opening_hours": "10:00-10:00", "phone": "9440380964", "shop": "supermarket"}}, {"type": "node", "id": 4487960348, "lat": 14.6773865, "lon": 77.603628, "tags": {"addr:housenumber": "15-118", "addr:postcode": "515001", "addr:street": "Subash Road, Adimurthy Nagar, Kamalanagar", "name": "Subramanswara Supermarkets", "opening_hours": "08:30-22:00", "phone": "9866026591", "shop": "supermarket"}}, {"type": "node", "id": 4488025497, "lat": 14.6740564, "lon": 77.6102567, "tags": {"addr:housenumber": "28-268-a", "addr:postcode": "515005", "addr:street": "Subhash Road, Ambedkar Nagar", "name": "Vasavi Suppliers", "phone": "9848727813, 08554-226507", "shop": "supermarket"}}, {"type": "node", "id": 4488026532, "lat": 14.6718447, "lon": 77.5906158, "tags": {"addr:housenumber": "Shop No 5", "addr:postcode": "515001", "addr:street": "Grand Kakathiya Apartment, Ramnagar", "name": "Shivashakthi Super Market", "opening_hours": "08:30-22:00", "phone": "9966315006", "shop": "supermarket"}}, {"type": "node", "id": 4488035145, "lat": 14.6816436, "lon": 77.6075394, "tags": {"addr:housenumber": "2-17 Shop No 2", "addr:postcode": "515001", "addr:street": "Old Town,Tadipathri Road", "name": "Murali General Stores", "opening_hours": "10:00-23:00", "phone": "8978439110", "shop": "supermarket"}}, {"type": "node", "id": 4488038814, "lat": 14.6821914, "lon": 77.6074076, "tags": {"addr:postcode": "515001", "addr:street": "Dmm Road,", "name": "Star Suppliers", "phone": "08554-221672 , 9848132101", "shop": "supermarket"}}, {"type": "node", "id": 4488039567, "lat": 14.6784672, "lon": 77.6082371, "tags": {"addr:housenumber": "223-48,", "addr:postcode": "515001", "addr:street": "Mahaldar Street,", "name": "Zilani Suppliers", "phone": "08554-220860", "shop": "supermarket"}}, {"type": "node", "id": 4488055889, "lat": 14.6790819, "lon": 77.5996411, "tags": {"addr:postcode": "515001", "addr:street": "Clock Tower Center, Subash Road", "name": "Babu Sales Depot-Super Bazar", "opening_hours": "08:30-22:00", "phone": "9676454465", "shop": "supermarket"}}, {"type": "node", "id": 4488058689, "lat": 14.6908998, "lon": 77.6075336, "tags": {"addr:postcode": "515001", "addr:street": "Near Gandhibazar, Old Town, Gooty Road", "name": "Venkatadri General Stores", "phone": "9949213459", "shop": "supermarket"}}, {"type": "node", "id": 4488061393, "lat": 14.6826848, "lon": 77.607653, "tags": {"addr:housenumber": "Door no:6/5/201", "addr:postcode": "515001", "addr:street": "ss toers, ram nagar", "name": "Kirana Bazar", "phone": "08554-241002, 8125401002", "shop": "supermarket"}}, {"type": "node", "id": 4488070409, "lat": 14.6824472, "lon": 77.5969995, "tags": {"addr:postcode": "515001", "addr:street": "rf road, Housing board ciecle,", "name": "Srisai Deportmental Store", "opening_hours": "10:00-23:00", "phone": "9705000396", "shop": "supermarket"}}, {"type": "node", "id": 4488073389, "lat": 14.6776572, "lon": 77.6039678, "tags": {"addr:housenumber": "15-118", "addr:postcode": "515001", "addr:street": "Subash Road, Adimurthy Nagar, Kamalanagar Main Road,", "name": "Sri Saila Suppliers", "phone": "08554-222332 ,9848067216", "shop": "supermarket"}}, {"type": "node", "id": 4488079977, "lat": 14.6894946, "lon": 77.595376, "tags": {"addr:postcode": "515001", "addr:street": "Neeruganti Street, Neelam Talkies, Near Thriveni Theatre", "name": "Narayana General Stores", "phone": "9397649155", "shop": "supermarket"}}, {"type": "node", "id": 4488089786, "lat": 14.6811791, "lon": 77.6093663, "tags": {"addr:postcode": "515001", "addr:street": "Rani Nagar, Anantapur,", "name": "City Municipal Vegetable Market", "shop": "supermarket"}}, {"type": "node", "id": 6380373832, "lat": 14.6733893, "lon": 77.5810633, "tags": {"name": "Royal enfield", "shop": "motorcycle_repair"}}, {"type": "node", "id": 7299210874, "lat": 14.7127325, "lon": 77.6017293, "tags": {"name": "Premium Honda", "shop": "car_repair"}}, {"type": "node", "id": 7299210879, "lat": 14.7129006, "lon": 77.6017841, "tags": {"name": "Premium Honda", "shop": "car"}}, {"type": "node", "id": 10731056106, "lat": 14.6802994, "lon": 77.5963443, "tags": {"addr:postcode": "515001", "addr:street": "Gulzarpet", "contact:facebook": "100077018213058", "contact:instagram": "aakrutiatp", "name": "Aakruthi", "name:en": "Aakruti", "name:hi": "\u0906\u0915\u0943\u0924\u093f", "name:mr": "\u0906\u0915\u0943\u0924\u0940", "opening_hours": "Mo-Su 09:30-21:30", "shop": "clothes"}}, {"type": "way", "id": 133358579, "nodes": [1468029244, 1468029242, 1468029243, 1468029241, 1468029244], "tags": {"name": "market", "name:te": "\u0c2e\u0c3e\u0c30\u0c4d\u0c15\u0c46\u0c1f\u0c4d", "shop": "supermarket", "source": "local"}}]}